{
  "$schema": "./node_modules/nx/schemas/nx-schema.json",
  "tasksRunnerOptions": {
    "default": {
      "options": {}
    }
  },
  "targetDefaults": {
    "build": {
      "dependsOn": ["^build"],
      "inputs": ["production", "^production"],
      "cache": true
    },
    "lint": {
      "inputs": [
        "default",
        "{workspaceRoot}/.eslintrc.json",
        "{workspaceRoot}/eslint.config.js"
      ],
      "cache": true
    },
    "test": {
      "inputs": ["default", "^production", "{workspaceRoot}/jest.preset.js"],
      "cache": true
    },
    "compose-build-image": {
      "inputs": ["default", "^production"],
      "cache": true
    },
    "setup": {
      "inputs": ["{projectRoot}/.env", "{projectRoot}/.env.*"],
      "cache": true
    },
    "@nx/eslint:lint": {
      "inputs": [
        "default",
        "{workspaceRoot}/.eslintrc.json",
        "{workspaceRoot}/eslint.config.js"
      ],
      "cache": true
    }
  },
  "namedInputs": {
    "default": [
      "{projectRoot}/**/*",
      "!{projectRoot}/build/**/*",
      "!{projectRoot}/.idea/**/*",
      "sharedGlobals"
    ],
    "production": [
      "default",
      "!{projectRoot}/.eslintrc.json",
      "!{projectRoot}/**/?(*.)+(spec|test).[jt]s?(x)?(.snap)",
      "!{projectRoot}/tsconfig.spec.json",
      "!{projectRoot}/jest.config.[jt]s",
      "!{projectRoot}/eslint.config.js"
    ],
    "sharedGlobals": ["{workspaceRoot}/babel.config.json"]
  },
  "workspaceLayout": {
    "appsDir": "packages",
    "libsDir": "packages"
  },
  "generators": {},
  "defaultProject": "core",
  "useInferencePlugins": false
}
